<?xml version="1.0" encoding="UTF-8" ?>  
<!DOCTYPE struts PUBLIC "-//Apache Software Foundation//DTD Struts  
Configuration 2.5//EN" "http://struts.apache.org/dtds/struts-2.5.dtd">
<struts>
		
	<package name="default" extends="struts-default">
		<result-types>
            <result-type name="tiles" class="org.apache.struts2.views.tiles.TilesResult"/>
        </result-types>
		
		<action name="loginValidation" 
		        class="com.mail.struts.action.UserAction"
			    method="loginValidationStatus">
			<result name="success" type='tiles'>/dashboard.def</result>
			<result name="failure"  type="tiles">/error.def</result>
		</action>
		
		<action name="sendMail" 
		        class="com.mail.struts.action.MailAction"
			    method="sendMail">
			    <interceptor-ref name="defaultStack" />
			<result name="send"  type="tiles">/success.def</result>
			<result name="notsend"  type="tiles">/error.def</result>
		</action>
		
		<action name="filterMail"
				class="com.mail.struts.action.DashBoardAction"
				method="filterMail">
			<result type="tiles">/dashboard.def</result>
		</action>
		
		<action name="dashboardPage">
			<result type="tiles">/dashboard.def</result>
		</action>
		
		<action name="mailViewPage">
			<result type="tiles">/mailview.def</result>
		</action>
		
		<action name="viewMail"
				class="com.mail.struts.action.DashBoardAction"
				method="mailDetails">
				<interceptor-ref name="defaultStack" />
			<result name="success" type="tiles">/mailview.def</result>
			<result name="failure" type="tiles">/error.def</result>
		</action>
		
		<action name="mailForward"
				class="com.mail.struts.action.DashBoardAction"
				method="mailForward">
				<interceptor-ref name="defaultStack" />
			<result name="success" type="tiles">/forwardMail.def</result>
			<result name="failure" type="tiles">/error.def</result>
		</action>
		
		<action name="registerUser"
				class="com.mail.struts.action.UserAction"
				method="registerUserStatus">
			<result name="success"  type="tiles">/login.def</result>
			<result name="failure"  type="tiles">/error.def</result>
			<result name="exist" type="tiles">/error.def</result>
		</action>
		
		<action name="registerationPage">
				<result name="success" type="tiles">/register.def</result>
		</action>
		
		 <action name="mailPage">
			<result type="tiles">/mail.def</result>
		</action>
		
		 <action name="loginPage">
			<result type="tiles">/login.def</result>
		</action>
		
		<action name="forgotPassword">
			<result type="tiles">/forgot.def</result>
		</action>
		
		<action name="resetPassword"
			class="com.mail.struts.action.UserAction"
			method="resetPasswordStatus">
			<interceptor-ref name="defaultStack" />
			<result name="success" type="tiles">/login.def</result>
			<result name="redirectlogin" type="tiles">/login.def</result>
			<result name="logedin" type="tiles">/dashboard.def</result>
			<result name="failure"  type="tiles">/error.def</result>
		</action> 
		
		<action name="generateOTP"
				class="com.mail.struts.action.UserAction"
				method="generateOTPStatus">
			<result name="success" type="tiles">/verify.def</result>
			<result name="failure"  type="tiles">/error.def</result>
		</action>
		
		<action name="vierifyOTP"
				class="com.mail.struts.action.UserAction"
				method="verifyOTPStatus">
			<result name="success" type="tiles">/reset.def</result>
			<result name="failure"  type="tiles">/error.def</result>
		</action>
		
		
	</package>
</struts>