<?xml version="1.0" encoding="UTF-8" ?>

<!DOCTYPE tiles-definitions PUBLIC
        "-//Apache Software Foundation//DTD Tiles Configuration 3.0//EN"
        "http://tiles.apache.org/dtds/tiles-config_3_0.dtd">

<tiles-definitions>
	 <definition name="baseLayoutFtl"  template="/tiles/baseLayout.jsp">
        <put-attribute name="title" value="Template" />
        <put-attribute name="table" value="" type="string" />
        <put-attribute name="footer" value="/tiles/footer.jsp"/>
    </definition>
    
    <definition name="/login.def" extends="baseLayoutFtl" > 
    	<put-attribute name="title" value="Login Page" />
    	<put-attribute name="header" value="Login Page" type="string" />
    	<put-attribute name="body" value="/loginPage.jsp"/>
    </definition>
    
    <definition name="/dashboard.def" extends="baseLayoutFtl">
    	<put-attribute name="title" value="User Dashbord" />
    	<put-attribute name="header" value="User Dashbord" type="string" />
    	<put-attribute name="body" value="/tiles/dashboardLayout.jsp"/>
    	<put-attribute name="table" value="/tiles/dashbord.jsp" />
    </definition>
    
    <definition name="/mailview.def" extends="baseLayoutFtl">
    	<put-attribute name="title" value="User Dashbord" />
    	<put-attribute name="header" value="User Dashbord" type="string" />
    	<put-attribute name="body" value="/tiles/dashboardLayout.jsp"/>
    	<put-attribute name="table" value="/tiles/viewMail.jsp"/>
    </definition>
    
    <definition name="/filter.def" extends="baseLayoutFtl">
    	<put-attribute name="title" value="User Dashbord" />
    	<put-attribute name="header" value="User Dashbord" type="string" />
    	<put-attribute name="body" value="/tiles/dashboardLayout.jsp"/>
    	<put-attribute name="table" value="/tiles/"/>
    </definition>
    
    <definition name="/forwardMail.def" extends="baseLayoutFtl">
    	<put-attribute name="title" value="User Dashbord" />
    	<put-attribute name="header" value="Forward Mail" type="string" />
    	<put-attribute name="body" value="/tiles/dashboardLayout.jsp"/>
    	<put-attribute name="table" value="/tiles/forwardMail.jsp"/>
    </definition>
    
    <definition name="/register.def" extends="baseLayoutFtl">
    	<put-attribute name="title"  value="Sign-up Page"/>
    	<put-attribute name="header" value="Registration Page"/>
    	<put-attribute name="body" value="/tiles/registerUser.jsp"/>
    </definition>
    
    <definition name="/mail.def"  extends="baseLayoutFtl" >
    	<put-attribute name="title" value="Mail Page" />
    	<put-attribute name="header" value="Mail Page" type="string" />
    	<put-attribute name="body" value="/tiles/mailpage.jsp"/>
    </definition>
    
    <definition name="/success.def" extends="baseLayoutFtl" >
    	<put-attribute name="title" value="Mail Sent Successfully" />
    	<put-attribute name="header" value="Mail Page" />
    	<put-attribute name="body" value="/tiles/successPage.jsp"/>
    </definition> 
    
    <definition name="/forgot.def" extends="baseLayoutFtl">
    	<put-attribute name="title" value="Password Reset"/>
    	<put-attribute name="header" value="Reset Password"/>
    	<put-attribute name="body" value="/tiles/forgotPage.jsp" />
    </definition>
    
    <definition name="/verify.def" extends="baseLayoutFtl">
    	<put-attribute name="title" value="Password Reset"/>
    	<put-attribute name="header" value="Reset Password"/>
    	<put-attribute name="body" value="/tiles/verify.jsp" />
    </definition>
    
    <definition name="/reset.def" extends="baseLayoutFtl">
    	<put-attribute name="title" value="Password Reset"/>
    	<put-attribute name="header" value="Reset Password"/>
    	<put-attribute name="body" value="/tiles/reset.jsp" />
    </definition>
    
    <definition name="/error.def" extends="baseLayoutFtl" >
    	<put-attribute name="title" value="Error Occured!" />
    	<put-attribute name="header" value="Mail Application" />
    	<put-attribute name="body" value="/tiles/errorPage.jsp"/>
    </definition>
</tiles-definitions>